{"danceability":0.673495743127847,"energy":0.6569403410667539,"key":5.847950125802642,"loudness":-6.586146350796489,"mode":0.3671259607420704,"speechiness":0.16099593190948863,"acousticness":0.18731358110209198,"instrumentalness":0.00018526486147970382,"liveness":0.16240075909967333,"valence":0.6052080021133261,"tempo":115.30898471179029}