{"danceability":0.6865445986453005,"energy":0.73837692170198,"key":3.873365856183775,"loudness":-4.687842539982146,"mode":0.6036576150882194,"speechiness":0.09704174914344305,"acousticness":0.11771702116992838,"instrumentalness":0.0007727556790619667,"liveness":0.18661059910340194,"valence":0.6210762749429816,"tempo":120.58342148397384}